Beitrittsdatum,Name,Abgeschlossen
"27.09.2018, 17:35:14",October Running Distance Challenge,false
"27.09.2018, 17:35:16",October Half Marathon,false
"07.10.2018, 19:12:47",Brooks Outrun Yourself,true
"07.10.2018, 19:13:02",October Run Climbing Challenge,false
"26.05.2019, 09:41:14",Stuttgart Lauf Halbmarathon,true
"26.08.2019, 11:25:55",September Half Marathon,false
"25.01.2020, 19:33:53",February Half Marathon,false
"27.03.2020, 13:28:14",April Half Marathon,true
"27.03.2020, 13:28:20",April 5K,true
"27.03.2020, 13:28:23",April Running Distance Challenge,true
"27.03.2020, 13:28:25",April 10K,true
"28.03.2020, 16:22:23",March Half Marathon,false
"27.04.2020, 13:23:56",May Half Marathon,true
"27.04.2020, 13:24:01",May 10K,true
"27.04.2020, 13:24:03",May 5K,true
"27.04.2020, 13:24:05",May Running Distance Challenge,false
"05.06.2020, 09:38:15",June Half Marathon,true
"07.06.2020, 10:43:52",June Running Distance Challenge,false
"03.08.2020, 18:54:53",August Gran Fondo,false
"11.08.2020, 11:43:07",August Cycling Distance Challenge,false
"25.08.2020, 09:40:52",August 5K,true
"29.08.2020, 15:00:17",August Cycling Challenge,false
"01.09.2020, 11:29:09",The Gatorade Mode 50K Challenge,false
"03.09.2020, 08:31:00",September Run Climbing Challenge,false
"03.09.2020, 08:31:06",September Cycling Distance Challenge,false
"03.09.2020, 08:31:11",September Half Marathon,false
"25.09.2020, 20:00:11",October Walk Challenge,false
"25.09.2020, 20:00:12",October Run Climbing Challenge,false
"25.09.2020, 20:00:13",October Cycling Endurance Challenge,false
"25.09.2020, 20:00:15",October Running Distance Challenge,false
"25.09.2020, 20:00:17",October 10K,true
"25.09.2020, 20:00:20",October Half Marathon,false
"25.09.2020, 20:00:22",October 5K,true
"25.09.2020, 20:00:23",October Running Endurance Challenge,false
"25.09.2020, 20:00:26",October Running Challenge,false
"25.09.2020, 20:00:39",October Cycling Climbing Challenge,false
"25.09.2020, 20:00:43",October Gran Fondo,false
"25.09.2020, 20:00:46",October Cycling Distance Challenge,false
"25.09.2020, 20:00:47",October Cycling Challenge,false
"30.09.2020, 18:46:34",Le Col Giro Challenge,false
"04.10.2020, 12:36:16",FuturumShop Autumn240 Challenge,true
"04.10.2020, 12:37:30",The Sur Six,false
"04.10.2020, 12:37:31",66ºNorth Iceland Challenge,false
"04.10.2020, 12:37:34",Black Sheep ONE:5,false
"04.10.2020, 12:37:36",2020 Walk for Hope Wellness Challenge,true
"04.10.2020, 12:37:46",Red Bull Timelaps,false
"04.10.2020, 12:37:51",2020 Children's Rights Challenge,false
"04.10.2020, 12:37:53","Krombacher o,0% Giro Challenge",false
"04.10.2020, 12:37:59",Nedbank Runified 21km Challenge,false
"07.10.2020, 09:14:15",Livestrong Virtual Challenge,false
"27.10.2020, 16:50:03",November Half Marathon,false
"27.10.2020, 16:50:07",November 10K,true
"27.10.2020, 16:50:09",November Running Distance Challenge,false
"27.10.2020, 16:50:11",November 5K,true
"28.10.2020, 11:01:37",November Run Climbing Challenge,false
"28.10.2020, 11:01:40",November Favorite Way 400K,true
"28.10.2020, 11:01:43",November Running Endurance Challenge,false
"28.10.2020, 11:01:44",November Running Challenge,false
"28.10.2020, 11:01:46",November Gran Fondo,false
"28.10.2020, 11:01:48",November Cycling Challenge,false
"28.10.2020, 11:01:50",November Cycling Endurance Challenge,false
"28.10.2020, 11:01:51",November Cycling Climbing Challenge,false
"30.10.2020, 07:35:23",Strava Japan Club 11月のRIDEチャレンジ,false
"30.10.2020, 07:35:24",Strava Japan Club 11月のRUNチャレンジ,false
"30.10.2020, 07:35:27",Last of the Light,true
"30.10.2020, 07:35:29",The November Project Summit Streak presented by Brooks,false
"30.10.2020, 07:35:33",ODLO Be Aware of What You Wear,true
"30.10.2020, 07:35:36",Race to the Polls with POW,true
"30.10.2020, 07:35:37",Corporate Virtual Run,true
"30.10.2020, 07:35:40",Werde UNICEF Lebensläufer,true
"30.10.2020, 07:35:42",Move in Merino by Woolmark,false
"30.10.2020, 07:35:44",Velocio: A Better Way Every Day,false
"30.10.2020, 07:35:46",Strava Japan Club 10月のRIDEチャレンジ,false
"30.10.2020, 07:35:47",Strava Japan Club 10月のRUNチャレンジ,false
"30.10.2020, 07:35:49",KOHLER Run for Safe Water,true
"30.10.2020, 07:35:50",Bose Frames Tempo Challenge,true
"30.10.2020, 07:35:53",Exercise Your Right To Vote with Picky Bars,true
"30.10.2020, 08:57:16",Thankful Turkey 5K by All Community Events,true
"30.10.2020, 08:57:25",The ROKA N+1 Challenge,true
"31.10.2020, 08:46:29",Castelli Paris-Roubaix Challenge,false
"31.10.2020, 08:46:33",November Cycling Distance Challenge,false
"31.10.2020, 08:46:36",November Walk Challenge,false
"31.10.2020, 14:03:52",Le Col Rise Above Winter Challenge,true
"31.10.2020, 14:03:54",Point to Pinnacle Vertical Challenge,false
"02.11.2020, 06:42:45",FUTURUM 4 SEASONS CHALLENGE,true
"02.11.2020, 10:29:46",Thriva Bleed for Speed,true
"06.11.2020, 08:58:49",Desafio PRO Training Camp - Correndo em busca do KOM/QOM,false
"06.11.2020, 08:58:50",Desafio PRO Training Camp - Pedal em busca do KOM/QOM,false
"11.11.2020, 17:44:47",Montane Cheviot Goat Ultra,false
"15.11.2020, 15:24:15",The Rapha Black Friday Ride,true
"15.11.2020, 15:24:31",The Jumbo Feed Your Speed Challenge,false
"16.11.2020, 06:41:32",Desafio Corrida no Ar 200k,false
"20.11.2020, 13:43:59","fizik ride now, shop later",true
"21.11.2020, 07:50:10",Desafio Carb Up,true
"24.11.2020, 06:02:55",Allbirds Holiday Challenge,true
"24.11.2020, 06:03:06",New Balance 2x2 Challenge,true
"24.11.2020, 06:03:16",Vuori ACTV Club Challenge,true
"24.11.2020, 06:03:17",MAAP: In The Field,false
"24.11.2020, 06:04:07",Polar Virtual Half Marathon,true
"01.12.2020, 19:22:09",December Running Endurance Challenge,false
"01.12.2020, 19:22:16",December 10K,true
"02.12.2020, 06:34:07",Rapha #Festive500,false
"02.12.2020, 06:37:38",Virtual San Silvestre,true
"02.12.2020, 22:25:40",ITJ 2020 Gravel Master,false
"02.12.2020, 22:25:41",Momento Carb Up,false
"04.12.2020, 13:09:18",Le Col Tick Off 2020 Challenge,true
"08.12.2020, 20:53:57",December Running Challenge,true
"08.12.2020, 20:54:04",December Walk Challenge,false
"08.12.2020, 20:54:08",December Cycling Climbing Challenge,false
"08.12.2020, 20:54:41",December 5K,true
"08.12.2020, 20:54:43",December Half Marathon,false
"08.12.2020, 20:54:46",December Running Distance Challenge,false
"08.12.2020, 20:55:00",Continental BlackChili Challenge,true
"14.12.2020, 13:10:40",December 4x4 Challenge,true
"14.12.2020, 13:10:41",December Cycling Distance Challenge,false
"14.12.2020, 13:10:45",December Cycling Challenge,false
"14.12.2020, 13:10:45",December Gran Fondo,false
"14.12.2020, 13:10:47",December Run Climbing Challenge,false
"14.12.2020, 13:10:48",December Cycling Endurance Challenge,false
"19.12.2020, 09:40:16",The INOV-8 'Run For The Hills' Ultra,true
"19.12.2020, 09:42:51",Alzheimer's Society - Run for Dementia,true
"19.12.2020, 09:42:52",Yule Ridings by Muc-Off,false
"20.12.2020, 09:58:14",STRIVEfor5 by Sportsshoes X New Balance,true
"22.12.2020, 19:24:13",Pas Normal Studios Winter Resolution,false
"24.12.2020, 12:08:49",Move Past 2020 Challenge,false
"24.12.2020, 23:05:32",St. Jude Resolutions Challenge,true
"24.12.2020, 23:05:36",ROKA Why Not Now? Challenge,true
"24.12.2020, 23:05:37",Start Your Year with ROUVY,true
"26.12.2020, 14:03:29",Red Bull January Jump-Start,true
"26.12.2020, 14:04:21",New Balance Race to the Finish Challenge,true
"30.12.2020, 12:47:39",January 10K,true
"30.12.2020, 12:47:42",January 5K,true
"30.12.2020, 12:47:44",January Running Challenge,true
"30.12.2020, 21:59:57",Strava Japan Club 2021 New Year Challenge,false
"30.12.2020, 22:00:10",Strava Japan Club 2021 New Year Challenge,true
"01.01.2021, 10:57:47",Lucozade Sport - Keep On Moving,true
"01.01.2021, 10:57:51",Runderwear 10k in 10 Days,true
"02.01.2021, 18:31:38",SKINS Compression 110 Challenge,false
"03.01.2021, 20:20:55",January Cycling Challenge,false
"05.01.2021, 19:35:26",Le Col Project 21 Challenge,true
"05.01.2021, 22:04:50",Starcasino Team - Womens Rider Talent Search,false
"05.01.2021, 22:04:52",TRIBE Plant Power 60,true
"05.01.2021, 22:04:55","Wiggle X Garmin New Year, New PBs!",false
"05.01.2021, 22:04:58",Red Bull Winter Sprinter,true
"05.01.2021, 22:04:59",Move with KIND 280,true
"05.01.2021, 22:05:08","Buttes-Chaumont, Paris • Segments Series",false
"05.01.2021, 22:05:09","La Citadelle, Lille • Segments Series",false
"10.01.2021, 16:13:56",PREPD Summer of Unparalleled Hydration Challenge,true
"10.01.2021, 16:13:57",FuturumShop Winter Challenge,true
"11.01.2021, 07:35:15",Santos Tour Down Under 200,false
"11.01.2021, 13:33:47",Movement Challenge with Hyperice & Whoop,true
"11.01.2021, 13:33:48",UNIQLO #dontquit,true
"11.01.2021, 13:33:50",British Triathlon #FeelGoodFive Challenge,false
"11.01.2021, 13:33:52",Conquer Quitter’s Day With Nuun Challenge,true
"13.01.2021, 20:06:00","Resolutions: Riding into 2021, by Velocio",false
"16.01.2021, 21:55:22",January Cycling Climbing Challenge,false
"16.01.2021, 21:55:24",January Gran Fondo,false
"26.01.2021, 15:44:24",February Cycling Challenge,false
"26.01.2021, 15:44:26",February Gran Fondo,false
"26.01.2021, 15:44:26",February 5K,true
"26.01.2021, 15:44:30",February 10K,true
"26.01.2021, 15:44:37",February Strength Training Challenge,false
"26.01.2021, 15:44:42",February Cycling Consistency Challenge,false
"27.01.2021, 21:01:00",February Cycling Distance Challenge,false
"27.01.2021, 21:01:03",Salomon Nordic Ski Challenge 2021,false
"27.01.2021, 21:01:06",RED BULL GET READY,false
"27.01.2021, 21:01:09",Bioteaque Chiemgau Team Trophy 2021,false
"27.01.2021, 21:01:11",February Snow Sport Challenge,false
"27.01.2021, 21:01:14",February Cycling Climbing Challenge,false
"31.01.2021, 09:07:37",Welthungerhilfe ZeroHungerWinterChallenge,true
"04.02.2021, 06:50:58",February Half Marathon,true
"04.02.2021, 12:55:36",February Running Challenge,true
"22.02.2021, 13:01:57",Isadore's Pretty Muddy Things Challenge,false
"22.02.2021, 13:01:58",Wiggle Bring the Energy!,true
"22.02.2021, 13:02:41",The New Balance 10KM Challenge,true
"24.02.2021, 14:11:54",March Half Marathon,true
"24.02.2021, 14:11:57",March 5K,true
"24.02.2021, 14:12:05",March 10K,true
"01.03.2021, 09:56:09",Red Bull Spring Forward,true
"01.03.2021, 09:57:05",PowerDot #BackToBetter Challenge,false
"01.03.2021, 09:57:06",March Walk Challenge,false
"01.03.2021, 09:57:07",Red Bull KM's de motivos pra correr,true
"02.03.2021, 14:14:22","#CRUSHCOVID Challenge, by Elite & Toronto Hustle",false
"02.03.2021, 14:14:56",March Running Challenge,true
"02.03.2021, 14:15:22",Crush It 4 Climate,true
"06.03.2021, 11:34:02",ROKA Spring Into Action,true
"07.03.2021, 19:32:27","Our ""Extra"" Hour with Picky Bars",true
"12.03.2021, 06:54:37",March Saddle Up Challenge,false
"21.03.2021, 19:45:49",1% Better - Houston,false
"21.03.2021, 19:45:52",1% Better - Portland,false
"21.03.2021, 19:45:55",1% Better - New York City,false
"29.03.2021, 07:01:57",Decathlon Go Try,true
"30.03.2021, 07:57:20",April 10K,true
"03.04.2021, 14:59:42",April 5K,true
"04.04.2021, 09:07:59",April Gran Fondo,false
"05.04.2021, 08:06:15",Wings for Life World Run Training Challenge,true
"13.04.2021, 08:24:34",Salomon Running Paris Challenge,false
"13.04.2021, 08:24:35",Salomon Isar Sprint,false
"13.04.2021, 08:24:37",RUN PUMA Deviate Challenge,false
"13.04.2021, 08:24:38",Full-Circle Challenge with Nuun Hydration,true
"13.04.2021, 08:24:40",Honey Stinger Power of 3 Challenge,false
"13.04.2021, 08:24:42",Be active and explore with 66°North,false
"13.04.2021, 08:24:44",Le Col Level Up Challenge,true
"13.04.2021, 08:24:45",Band of Climbers Spring Summits,false
"13.04.2021, 08:25:40",1% Better,false
"25.04.2021, 12:38:56",Red Bull Springaton,true
"25.04.2021, 12:38:57",Gaining Miles & Eating Flies by Isadore,false
"25.04.2021, 12:39:15",FOCUS Beat Your Screen Time Challenge,false
"25.04.2021, 12:39:16",Let's Go Outside by Sweaty Betty,true
"25.04.2021, 12:39:17",April Cycling Climbing Challenge,false
"25.04.2021, 12:39:19",April Cycling Consistency Challenge,false
"25.04.2021, 12:39:20",April Cycling Challenge,false
"26.04.2021, 20:07:39",Fuel Your Lifepoints with Picky Bars,true
"26.04.2021, 20:07:41",May Gran Fondo,false
"26.04.2021, 20:07:46",May Cycling Challenge,false
"26.04.2021, 20:07:47",May 5K,true
"26.04.2021, 20:07:50",May 10K,true
"28.04.2021, 07:09:12",ROKA Together 21,true
"01.05.2021, 11:56:36",May Running Challenge,true
"01.05.2021, 11:56:43",May Run Climbing Challenge,false
"01.05.2021, 11:56:46",May Cycling Distance Challenge,false
"01.05.2021, 11:56:49",May Half Marathon,true
"01.05.2021, 11:56:53",May Running Distance Challenge,false
"01.05.2021, 11:56:56",May Cycling Consistency Challenge,false
"01.05.2021, 11:56:59",May Cycling Climbing Challenge,false
"04.05.2021, 16:20:53",Runners Need & New Balance Run For You,false
"04.05.2021, 16:20:55",Itch & Skratch,true
"10.05.2021, 06:05:10",Spring it on – with PowerBar,false
"11.05.2021, 18:43:03",Bustle x Athleta What Moves You Challenge,true
"14.05.2021, 14:37:57",ROKA Salute 70,true
"14.05.2021, 14:38:04",Salomon Running League,true
"17.05.2021, 08:42:30",Runderwear 20k in 2 Weeks,true
"20.05.2021, 20:13:05",#GiddyUpForGood,false
"25.05.2021, 09:59:01",ROKA Summer Session Challenge,true
"25.05.2021, 09:59:02",St. Jude Race to Space,true
"25.05.2021, 09:59:05",Desafio Tênis Certo TC100,false
"25.05.2021, 11:10:26",Le Col x Strava 8848 Climbing Challenge,false
"25.05.2021, 11:10:28",Chase the Sun | BUFF® CHALLENGE,true
"26.05.2021, 20:05:37",June Cycling Climbing Challenge,false
"26.05.2021, 20:05:38",June Running Endurance Challenge,false
"26.05.2021, 20:05:41",June Cycling Challenge,false
"26.05.2021, 20:05:43",June Long Run Challenge,false
"26.05.2021, 20:05:44",June Cycling Consistency Challenge,false
"26.05.2021, 20:05:46",June Half Marathon,false
"26.05.2021, 20:05:48",June Walking Consistency Challenge,false
"26.05.2021, 20:05:50",June Running Distance Challenge,false
"26.05.2021, 20:05:51",June Running Challenge,false
"26.05.2021, 20:05:53",June 5K,true
"26.05.2021, 20:05:55",lululemon Global Running Day Challenge,false
"26.05.2021, 20:05:58",June Walking Challenge,false
"26.05.2021, 20:05:59",June 10K,true
"26.05.2021, 20:06:01",June Gran Fondo,false
"26.05.2021, 20:06:02",June Cycling Distance Challenge,false
"26.05.2021, 20:06:04",Backcountry 20:21 Adventure Challenge,false
"26.05.2021, 20:06:06","Avancini 102k, por Santander",false
"28.05.2021, 20:05:46",Dæhlie RUN/365 challenge,true
"01.06.2021, 05:09:46",June Run Climbing Challenge,false
"02.06.2021, 11:01:19",AfterShokz Father’s Day Dash Challenge,true
"02.06.2021, 11:01:23","OTE Sports: Ride, Eat, Sleep, Repeat",true
"02.06.2021, 11:02:03",Brooks Global Running Day,false
"03.06.2021, 19:13:17",lululemon Global Running Day Momentum Challenge,false
"06.06.2021, 19:19:54",The Tour 21 Challenge For Cure Leukaemia,false
"06.06.2021, 19:19:55",FUTURUM PROFORMANCE 140,false
"08.06.2021, 05:48:42",Sur Ride Clean,false
"20.06.2021, 18:51:42",Tissot Series: Tour de France Edition,false
"21.06.2021, 20:02:46",Le Col Tour Challenge,true
"21.06.2021, 20:02:48",The Maurice Lacroix - 10km Challenge,true
"21.06.2021, 20:03:39",Banana Boat Pedal For Our Planet,true
"24.06.2021, 08:50:28",July Cycling Challenge,false
"24.06.2021, 08:50:30",July Gran Fondo,false
"24.06.2021, 08:50:32",July Cycling Climbing Challenge,false
"24.06.2021, 08:51:07",July Cycling Distance Challenge,false
"24.06.2021, 08:51:08",July Half Marathon,false
"24.06.2021, 08:51:09",July 5k,true
"24.06.2021, 08:51:11",July Running Distance Challenge,false
"24.06.2021, 08:51:13",July Running Challenge,false
"24.06.2021, 08:51:16",July 10k,true
"24.06.2021, 08:51:16",July Running Endurance Challenge,false
"24.06.2021, 08:51:18",July Run Climbing Challenge,false
"27.06.2021, 07:03:54",July Cycling Consistency Challenge,false
"27.06.2021, 07:04:37",July 30-Hour Challenge,false
"28.06.2021, 19:50:36",Strava Japan Club 7月のRIDEチャレンジ,false
"28.06.2021, 19:50:37",OCHSNER SPORT x adidas ADIZERO Challenge,false
"28.06.2021, 19:50:39",Strava Japan Club 7月のRUNチャレンジ,false
"04.07.2021, 10:58:47",Challenge Mille SNSM 2021,true
"04.07.2021, 10:59:11",#NedbankRunified 5km Challenge,true
"08.07.2021, 08:33:49",HOKA ONE ONE®  Zinal Trail Challenge,false
"09.07.2021, 15:36:36",SunGod AIRAS™ 180,true
"09.07.2021, 15:36:38",FuturumShop | Sportzomer Challenge,true
"12.07.2021, 06:06:49",‘Every Minute Counts’ CYBEX Sport,false
"12.07.2021, 06:06:50",Athletic Brewing’s 70.3® Hustle,false
"18.07.2021, 19:58:39",Alzheimer's Society - Cycle for Dementia,false
"22.07.2021, 21:14:49",Saucony Grand Prix - Stage Two,false
"24.07.2021, 10:14:59",BREITLING x IRONMAN Challenge,false
"24.07.2021, 10:15:01",This Is Enough! by We Love Cycling,true
"26.07.2021, 08:22:36",Sur Long Run Challenge,true
"27.07.2021, 20:40:39",Black Trail Runners 4.5 Challenge,true
"27.07.2021, 20:41:27",August Run Climbing Challenge,false
"27.07.2021, 20:41:30",On: The Park Sprint,false
"27.07.2021, 20:41:31",On: The Weiher Sprint,false
"27.07.2021, 20:41:33",On: The Main Sprint,false
"27.07.2021, 20:41:35",Mercedes-EQ Run,true
"27.07.2021, 20:41:36",August Gran Fondo,false
"27.07.2021, 20:41:38",August Favorite Way 200K,true
"27.07.2021, 20:41:39",Le Col Rival Your Limits Challenge,true
"27.07.2021, 20:41:43",August Half Marathon,false
"27.07.2021, 20:41:45",August 5k,true
"27.07.2021, 20:41:46",August 10k,true
"27.07.2021, 20:41:48",August Running Challenge,true
"27.07.2021, 20:41:52",August Running Endurance Challenge,false
"27.07.2021, 20:41:53",August Cycling Challenge,false
"27.07.2021, 20:41:55",August Running Distance Challenge,false
"27.07.2021, 20:41:56",August Walking Challenge,false
"31.07.2021, 18:59:21",#MLRC BMW Berlin-Marathon Challenge,false
"03.08.2021, 21:16:40",#TheHumanRace,true
"03.08.2021, 21:16:43",Rapha #Womens100,false
"07.08.2021, 07:31:12",Tissot Series: La Vuelta Edition,false
"07.08.2021, 07:31:20",The SiS Beta Fuel Endurance Challenge,false
"11.08.2021, 21:31:11",Run Your Local Mountain with On,false
"11.08.2021, 21:31:34",Red Bull Sebi Triple Challenge: Bike,false
"13.08.2021, 18:33:41",Red Bull Sebi Triple Challenge: Run,false
"14.08.2021, 21:40:15",Altra10,true
"14.08.2021, 21:40:17",CRAFT x TEAMRIVS Rage 37,true
"18.08.2021, 17:26:43",Miles for refugees,true
"18.08.2021, 17:26:44",Flanders 2021 by Cycling in Flanders,false
"18.08.2021, 17:32:07",Cycle 300 for Cancer Research UK,false
"21.08.2021, 14:30:13",Try different - with PowerBar,true
"23.08.2021, 15:05:59",La Floria - UTMB® Mont-Blanc Strava Segments Series,false
"23.08.2021, 15:06:09",Therabody Double Down 8 Hour Challenge,true
"25.08.2021, 07:00:41",August Cycling Climbing Challenge,false
"25.08.2021, 07:00:45",St. Jude Movement Challenge,true
"25.08.2021, 07:00:47",Competitive Cyclist 10t 10hr Challenge,false
"26.08.2021, 05:17:15",KOHLER Run for Safe Water,true
"26.08.2021, 05:17:17",Cannondale X MEC: 50th Anniversary Ride,false
"26.08.2021, 05:18:57",KV Chamonix - UTMB® Mont-Blanc Strava Segments Series,false
"26.08.2021, 05:19:10",Strava Japan Club 9月のRIDEチャレンジ,false
"26.08.2021, 11:33:00",Charge Yourself by Isadore,false
"28.08.2021, 10:58:09",ISOSTAR challenges you to 250 minutes,true
"28.08.2021, 10:58:10",FuturumShop | Paris-Roubaix Challenge,true
"28.08.2021, 10:58:32",Michelob Ultra’s Run The Ribbon - Montreal,false
"28.08.2021, 10:58:33",Michelob Ultra’s Run The Ribbon - Toronto,false
"28.08.2021, 10:58:35",StanChart Nairobi Marathon 15k Challenge,true
"28.08.2021, 10:58:37",Strava Japan Club 9月のRUNチャレンジ,false
"28.08.2021, 10:58:39",Runderwear 5k Challenge,true
"28.08.2021, 10:58:42",Montane Dragon's Back,true
"31.08.2021, 05:30:14",September 5k,true
"31.08.2021, 05:30:15",September 10k,true
"31.08.2021, 05:30:17",September Running Challenge,true
"31.08.2021, 05:30:22",ULTRA Beer Run,true
"31.08.2021, 05:30:23",September Gran Fondo,false
"31.08.2021, 05:30:25",September Running Endurance Challenge,false
"31.08.2021, 05:30:28",September Running Distance Challenge,false
"31.08.2021, 05:30:30",September Walking Challenge,false
"31.08.2021, 05:30:31",September Run Climbing Challenge,false
"31.08.2021, 05:30:34",September Half Marathon,true
"31.08.2021, 05:30:35",September Cycling Consistency Challenge,false
"31.08.2021, 05:30:39",September Cycling Climbing Challenge,false
"31.08.2021, 05:30:40",September Cycling Challenge,false
"31.08.2021, 05:30:42",September Cycling Distance Challenge,false
"03.09.2021, 06:39:05",Stolen Goat - 250 Minutes Of Freedom,true
"03.09.2021, 06:39:08",The ROKA Make Your Move 200,true
"03.09.2021, 06:39:10",The Brooks & Intersport 10k Finisher,true
"10.09.2021, 15:24:33",NEW BALANCE – 42K KICK-OFF,true
"13.09.2021, 07:45:01",StanChart Nairobi Marathon 30k Challenge,true
"13.09.2021, 07:45:05",The VeloVixen Full 360,true
"13.09.2021, 07:45:19",#NedbankRunified 8km Challenge,true
"13.09.2021, 11:09:31",The Brooks Game Changer - Munich,false
"14.09.2021, 18:00:55",First Month Streak Challenge,false
"15.09.2021, 08:12:03",The Ultra Night Run Challenge,true
"15.09.2021, 08:12:33",The Brooks Daily Champion - Rome,false
"15.09.2021, 08:12:36",Virtual Brave Like Gabe 5K,true
"20.09.2021, 11:52:40",National Trust - Move for trees,true
"20.09.2021, 11:52:41",Julbo Ultimate Challenge,true
"24.09.2021, 08:14:50",October 5k,true
"24.09.2021, 08:14:51",October 10k,true
"24.09.2021, 08:15:00",October Cycling Distance Challenge,false
"24.09.2021, 08:15:02",October Running Challenge,false
"24.09.2021, 08:15:04",October Walking Challenge,false
"24.09.2021, 08:15:06",HOKA All Racers Challenge,true
"24.09.2021, 08:15:07",dhb Beat The Chill,false
"24.09.2021, 08:15:09",October Running Endurance Challenge,false
"24.09.2021, 08:15:10",October Running Distance Challenge,false
"24.09.2021, 08:15:12",October Half Marathon,true
"24.09.2021, 08:15:14",October Cycling Climbing Challenge,false
"24.09.2021, 08:15:15",October Cycling Consistency Challenge,false
"24.09.2021, 08:15:17",October Run Climbing Challenge,false
"24.09.2021, 08:15:19",October Cycling Challenge,false
"24.09.2021, 08:15:26",October Gran Fondo,false
"24.09.2021, 08:15:29",ROKA x The Pink Fund Challenge,true
"24.09.2021, 08:15:30",Wiggle X Woolmark Autumn Warm-Up 300,true
"24.09.2021, 08:16:11",Red Bull Hill Seekers,false
"24.09.2021, 19:52:21",Runners Need & Brooks Run For You,true
"24.09.2021, 19:52:22",Hydro Flask Let's Go! Challenge,true
"24.09.2021, 19:52:24",Strava Summit Series: Snowdon,false
"24.09.2021, 19:52:25",Samsung UK Galaxy Watch4 Challenge,true
"24.09.2021, 19:52:28",Gatorade 3x4 Challenge,false
"24.09.2021, 19:52:34",Continental Raising Heartbeats Challenge,true
"24.09.2021, 19:52:37",PowerBar – Together for Change,true
"24.09.2021, 19:52:38",Chris Froome x Best Buddies Challenge,false
"25.09.2021, 16:39:41",Broken Arrow Skyrace: Stairway to Heaven,false
"25.09.2021, 16:39:42",Broken Arrow Skyrace: Broken Heart,false
"25.09.2021, 16:39:44",HOKA All Racers Challenge - Lyon,false
"27.09.2021, 19:35:01",Go Get Lost by Black Sheep,false
"27.09.2021, 19:35:07",Gatorade Powder Walmart 5K Challenge,true
"27.09.2021, 19:35:08",October ULTRA Beer Run,true
"27.09.2021, 19:35:17",Le Col Chase The Sun,false
"02.10.2021, 12:33:04",HOKA All Racers Challenge - Manchester,false
"02.10.2021, 12:33:05",Patagonia 丹沢大山トレイル Climb Challenge,false
"02.10.2021, 12:33:06",HOKA All Racers Challenge - Berlin,false
"02.10.2021, 17:13:47",Mercedes-Benz  8th GIVE `N RACE VIRTUAL RUN,true
"02.10.2021, 18:40:27",The Brooks Persistent Pacer - Milan,false
"13.10.2021, 06:58:40",Commit to the Bronx,false
"13.10.2021, 06:59:27",Commit to Queens,false
"13.10.2021, 06:59:29",Commit to Harlem,false
"15.10.2021, 19:31:56",Altra 21 km Challenge,true
"23.10.2021, 17:39:17",Saucony Grand Prix- Stage Three,true
"24.10.2021, 17:43:40",The ODLO Athlete to Athlete Challenge,false
"26.10.2021, 07:46:54",November Gran Fondo,false
"26.10.2021, 07:46:55",November Cycling Climbing Challenge,false
"26.10.2021, 18:51:08",C34.0 – Stand up against Lung Cancer,true
"26.10.2021, 18:51:08",ProBikeKit presents 150 #MilesForMo,false
"26.10.2021, 18:51:09",TCS We Believe In Finishing Strong,false
"26.10.2021, 18:51:13",TCS We Believe We Can Do More,true
"26.10.2021, 18:51:14",November Cycling Consistency Challenge,false
"26.10.2021, 18:51:17",The MAAP Clean Livin’ Challenge,true
"26.10.2021, 18:51:19",November Running Endurance Challenge,false
"26.10.2021, 18:51:22",November 5k,true
"26.10.2021, 18:51:22",November Running Distance Challenge,false
"26.10.2021, 18:51:25",November Cycling Distance Challenge,false
"26.10.2021, 18:51:27",November 10k,true
"26.10.2021, 18:51:28",November Half Marathon,false
"26.10.2021, 18:51:31",November Cycling Challenge,false
"26.10.2021, 18:51:32",November Walking Challenge,false
"26.10.2021, 18:51:34",November Running Challenge,false
"26.10.2021, 18:51:37",Ten Thousand X Ryan Hall 26.2 Challenge,true
"26.10.2021, 18:51:39",November Run Climbing Challenge,false
"28.10.2021, 11:26:11",RYZON Chase The Horizon,false
"28.10.2021, 11:26:12",November 30-Hour Challenge,false
"28.10.2021, 11:26:22",AfterShokz Fit For Fall Challenge,true
"28.10.2021, 11:26:23",Be active this winter with 66°North,true
"06.11.2021, 15:25:01",NB Virtual Urban Mile,true
"06.11.2021, 15:25:02",PUMA NITRO CHALLENGE #1,true
"06.11.2021, 18:29:58",FUTURUM 4 Seasons Challenge,false
"11.11.2021, 07:16:32",ASSOS OUTRIDE WINTER CHALLENGE,false
"11.11.2021, 07:16:33",AfterShokz Limited 99,false
"20.11.2021, 08:41:37",Breitling Century Challenge,false
"20.11.2021, 08:42:19",Winter Miles Challenge with Saris UK,false
"20.11.2021, 08:42:20",FuturumShop | Hotel Heppie Challenge,false
"20.11.2021, 08:42:22","fizik Ride Now, Shop Later",false
"20.11.2021, 08:42:22",Hydrow UK Get Moving Challenge,false
"27.11.2021, 19:28:02",The On Isar Sprint,false
"01.12.2021, 16:08:53",December 10k,true
"01.12.2021, 16:08:57",December Running Challenge,true
"01.12.2021, 16:08:59",Stages Cycling Base Builder Challenge,false
"02.12.2021, 21:44:31",Le Col Tick Off 2021,true
"02.12.2021, 21:45:17",adidas Ultraboost 22 x Zalando 22km Run,true
"08.12.2021, 06:06:13",December 5k,true
"08.12.2021, 06:06:21",December Gran Fondo,false
"08.12.2021, 06:06:22",December Cycling Challenge,false
"24.12.2021, 22:20:01",December Running Distance Challenge,false
"24.12.2021, 22:20:03",ROKA RISE UP 300 Challenge,true
"24.12.2021, 22:20:05",Mile Zero Challenge by The Pro’s Closet,true
"24.12.2021, 22:20:08",Thriva Bleed for Speed Challenge 2022,true
"26.12.2021, 13:29:08",dhb 12 Days of Christmas,true
"28.12.2021, 11:21:19",January Running Endurance Challenge,false
"28.12.2021, 11:21:19",January Yoga Challenge,false
"28.12.2021, 11:21:21",January Cycling Distance Challenge,false
"28.12.2021, 11:21:22",January Cycling Climbing Challenge,false
"28.12.2021, 11:21:24",January Cycling Consistency Challenge,false
"28.12.2021, 11:21:25",January Walking Distance Challenge,false
"28.12.2021, 11:21:57",January Cycling Challenge,false
"28.12.2021, 11:21:58",January Gran Fondo,false
"28.12.2021, 11:22:00",January Fresh Start Challenge,false
"28.12.2021, 11:22:01",January Running Challenge,false
"28.12.2021, 11:22:05",January Run Climbing Challenge,false
"28.12.2021, 11:22:06",January 10k,true
"28.12.2021, 11:22:08",January 5k,true
"28.12.2021, 11:22:10",January Half Marathon,true
"28.12.2021, 11:22:12",January Running Distance Challenge,false
"02.01.2022, 12:58:24",Le Col Project 22 Challenge,true
"02.01.2022, 20:43:12",GORE® WEAR What's Your Motive?,true
"02.01.2022, 20:43:15",Red Bull Nytårsforsættet,true
"02.01.2022, 20:43:17",TRIBE Plant Power 60,true
"02.01.2022, 20:43:18",San Silvestre,false
"02.01.2022, 20:43:22",Runderwear 20k in 22 Days,true
"02.02.2022, 14:05:06",February Running Challenge,true
"02.02.2022, 14:05:07",February 5k,true
"02.02.2022, 14:05:09",February 10k,true
"02.02.2022, 14:05:11",Le Col Form Finder Challenge,true
"02.02.2022, 14:05:23",February Half Marathon,false
"21.02.2022, 21:12:57",February Gran Fondo,false
"21.02.2022, 21:12:58",February Walk Challenge,false
"21.02.2022, 21:13:00",February Walking Distance Challenge,false
"21.02.2022, 21:13:01",Shokz OpenRun Pro,true
"25.02.2022, 21:31:26",March Cycling Distance Challenge,false
"25.02.2022, 21:32:03",March Running Distance Challenge,false
"25.02.2022, 21:32:07",March 10k,true
"25.02.2022, 21:32:12",March Walking Distance Challenge,false
"25.02.2022, 21:32:13",March Cycling Challenge,false
"25.02.2022, 21:35:29",March Favorite Way 200K,false
"25.02.2022, 21:35:30",March Gran Fondo,false
"25.02.2022, 21:35:31",March Cycling Consistency Challenge,false
"25.02.2022, 21:35:32",March Cycling Climbing Challenge,false
"25.02.2022, 21:35:35",March Half Marathon,true
"25.02.2022, 21:35:36",March Running Endurance Challenge,false
"25.02.2022, 21:35:38",March Strength Training Challenge,false
"25.02.2022, 21:35:39",March Run Climbing Challenge,false
"25.02.2022, 21:35:41",March Running Challenge,true
"06.03.2022, 09:16:19",Wiggle Own Your Energy,true
"06.03.2022, 09:16:20",Pretty Muddy Things Challenge by Isadore x Factor,false
"12.03.2022, 19:10:57",The Sportsshoes X Mizuno For Every Run 8K,true
"12.03.2022, 21:45:32",Honest Work Challenge by The Pro’s Closet,false
"12.03.2022, 21:45:33",Discover Your Trail With The North Face,true
"13.03.2022, 21:28:04",Red Bull Selbstläufer,true
"13.03.2022, 21:28:05",YoPRO Virtual - eDreams Mitja Barcelona,true
"13.03.2022, 21:28:49",Le Col Shape Up Challenge,true
"15.03.2022, 20:37:51",Ukraine Relief Challenge,true
"23.05.2022, 08:51:57",Brooks Global Running Day Challenge,true
"23.05.2022, 08:51:58",Oakley Re:SubZero Challenge,false
"23.05.2022, 08:52:00",Café du Cycliste Caravan Challenge,true
"23.05.2022, 08:52:01",Gatorlyte 6-Hour Sweat (A Lot) Challenge,true
"23.05.2022, 08:52:05",Mama Por - Mussara Reus 2022,false
"23.05.2022, 08:52:06",Coll de la Mussara - Mussara Reus 2022,false
"23.05.2022, 08:53:06",Smartwool Ultra Run Challenge,false
"23.05.2022, 08:53:08",The MAAP Transcend Vert Challenge,true
"23.05.2022, 08:53:14",The Impossible Route; Far West Texas,false
"23.05.2022, 08:53:17",May Water Sport Challenge,false
"23.05.2022, 08:53:18",May Gran Fondo,false
"23.05.2022, 08:53:20",May Cycling Challenge,false
"23.05.2022, 08:53:21",May Cycling Distance Challenge,false
"23.05.2022, 08:53:23",May Cycling Consistency Challenge,false
"23.05.2022, 08:53:24",May Running Distance Challenge,false
"23.05.2022, 08:53:25",May Running Endurance Challenge,false
"23.05.2022, 08:53:27",May Cycling Climbing Challenge,false
"23.05.2022, 08:53:28",May 10k,true
"23.05.2022, 08:53:32",May Run Climbing Challenge,false
"23.05.2022, 08:53:34",May 5k,true
"23.05.2022, 08:53:36",May Half Marathon,false
"23.05.2022, 08:53:38",May Running Challenge,false
"23.05.2022, 08:53:40",FUTURUM Duurzaam Door 4h by FuturumShop,true
"23.05.2022, 08:53:42",Pedal to Empower with World Bicycle Relief,false
"23.05.2022, 08:53:43",Salomon Push Your Pace!,true
"23.05.2022, 08:53:45",LLS Push What's Possible Challenge,true
"20.07.2022, 19:39:09",July Cycling Challenge,false
"20.07.2022, 19:39:10",Green Jersey Challenge,false
"20.07.2022, 19:39:12",Mercedes-EQ Run – #4 LONDON,true
"23.07.2022, 18:46:00",The MAAP Transcend Everyday Challenge,true
"26.07.2022, 17:14:39",Get Sponsored By The Feed,true
"26.07.2022, 17:14:41",Strava Japan Club 8月のRIDEチャレンジ,false
"26.07.2022, 17:14:42",ROKA Hot Laps 300,true
"29.07.2022, 18:59:08",#StriveForMore w/ The Cyclists' Alliance,false
"29.07.2022, 18:59:09",Mercedes-EQ Run – #5 SEOUL,false
"29.07.2022, 18:59:11",August Running Challenge,false
"29.07.2022, 18:59:15",August 5K,true
"29.07.2022, 18:59:16",Le Col Keep The Momentum Challenge,true
"29.07.2022, 18:59:17",The Altra Elevation Challenge,false
"29.07.2022, 18:59:18",July Running Challenge,false
"29.07.2022, 18:59:20",July 5K,true
"29.07.2022, 18:59:21",July Run Climbing Challenge,false
"29.07.2022, 18:59:22",July 10k,true
"31.07.2022, 15:49:21",July Cycling Distance Challenge,false
"31.07.2022, 15:49:34",August 10k,true
"19.08.2022, 12:51:09",Tissot Series: La Vuelta Edition 2022,false
"19.08.2022, 12:51:10",Black Sheep TOUR OF THE FUTURE,false
"24.08.2022, 13:05:04",SHIFT UP with SHIMANO - Stage 3,false
"24.08.2022, 13:05:05",500km: Chasing the Equinox by Velocio,false
"24.08.2022, 13:05:08",Strava Japan Club 9月のRIDEチャレンジ,false
"24.08.2022, 13:05:08",Strava Japan Club 9月のRUNチャレンジ,false
"26.08.2022, 08:46:14",September 5K,true
"26.08.2022, 08:46:15",September Running Distance Challenge,false
"26.08.2022, 08:46:16",September Half Marathon,false
"26.08.2022, 08:46:18",September Running Challenge,false
"26.08.2022, 08:46:19",September 10k,false
"16.09.2022, 20:52:07",Michelob Ultra Night Run,true
"19.09.2022, 19:54:32",Pro:Direct Running & adidas 3for3,false
"19.09.2022, 19:54:33",Run 365 with ODLO,false
"20.09.2022, 13:31:36",New Balance - LDN This Is Your Race.,false
"20.09.2022, 13:31:38",New Balance - MCR This Is Your Race.,false
"20.09.2022, 13:31:39",New Balance - LPL This Is Your Race.,false
"20.09.2022, 13:31:40",New Balance - BTN This Is Your Race.,false
"25.09.2022, 12:21:35",October Cycling Climbing Challenge,false
"25.09.2022, 12:21:35",October Cycling Challenge,false
"25.09.2022, 12:21:37",October Cycling Distance Challenge,false
"25.09.2022, 12:21:37",October Gran Fondo,false
"25.09.2022, 12:21:40",Pride 5k,false
"25.09.2022, 12:21:40",October Running Challenge,true
"25.09.2022, 12:21:42",October Half Marathon,false
"25.09.2022, 12:21:43",October Run Climbing Challenge,false
"25.09.2022, 12:21:45",October Walking Distance Challenge,false
"25.09.2022, 12:21:46",October Running Endurance Challenge,false
"25.09.2022, 12:21:48",October Running Distance Challenge,false
"25.09.2022, 12:21:49",RUN LDN Wiggle x New Balance,false
"25.09.2022, 12:21:52",October 5K,true
"25.09.2022, 12:21:53",October 10k,true
"30.09.2022, 09:02:08",Salomon Nation Running League,true
"30.09.2022, 09:02:10",Le Col Chase The Sun,true
"02.10.2022, 13:58:31",ASSOS x ALFA ROMEO F1 TEAM ORLEN CHALLENGE,false
"02.10.2022, 13:58:32",CAF Community Challenge,false
"16.10.2022, 20:22:22",BIKE24 x Garmin Winter Motivation Challenge,true
"16.10.2022, 20:22:23",ROKA x The Pink Fund 100,true
"18.10.2022, 19:39:15",Switzerland Tourism 10k in 10 days,true
"22.10.2022, 12:05:15",ROUVY Virtual KOM/QOM Hunter Challenge,false
"22.10.2022, 12:05:16",The MAAP Transcend Terrain Challenge,true
"27.10.2022, 16:39:59",November Gran Fondo,false
"27.10.2022, 16:40:00",November Run Climbing Challenge,false
"27.10.2022, 16:40:01",November Cycling Challenge,false
"27.10.2022, 16:40:03",November 30-Hour Challenge,false
"27.10.2022, 16:40:04",November 5K,true
"27.10.2022, 16:40:06",November Running Challenge,false
"27.10.2022, 16:40:07",November Something New Challenge,false
"27.10.2022, 16:40:10",November 10k,true
"27.10.2022, 16:40:11",November Running Endurance Challenge,false
"27.10.2022, 16:40:13",November Running Distance Challenge,false
"27.10.2022, 18:14:46",November Walking Distance Challenge,false
"27.10.2022, 18:15:16",November Cycling Consistency Challenge,false
"27.10.2022, 18:15:16",November Cycling Distance Challenge,false
"27.10.2022, 18:15:17",November Cycling Climbing Challenge,false
"27.10.2022, 18:15:20",November Half Marathon,false
"06.11.2022, 13:33:32",St. Jude Red Wagon Challenge,false
"06.11.2022, 13:33:33",Swix Perfectly Prepared for XC season,false
"11.11.2022, 17:24:31",Le Col 240 Tempo Challenge,true
"18.11.2022, 10:19:43",Shokz High Five Challenge,false
"18.11.2022, 10:19:47",The Max Comfort Meet Road Challenge by Altra,false
"28.11.2022, 10:22:36",Breitling Century Challenge,false
"28.11.2022, 10:22:37",Move for Movember,true
"28.11.2022, 10:22:38",Winter Half Century Challenge with ROUVY,false
"19.12.2022, 12:19:36",Rapha Festive 500,false
"25.12.2022, 12:55:13",ENGAGE with 361˚,true
"25.12.2022, 12:55:14",December Strengthen & Recover Challenge,false
"25.12.2022, 12:55:15",December Walking Distance Challenge,false
"25.12.2022, 12:55:17",adidas Manchester Marathon Training Kick Start Challenge,true
"25.12.2022, 12:55:18",Pas Normal Studios Winter Resolution,false
"25.12.2022, 12:55:20",Le Col Project 23 Challenge,true
"25.12.2022, 12:55:22",Powerbar's No Matter The Weather Challenge,true
"28.12.2022, 15:52:10",Brooks New Year's Challenge,true
"28.12.2022, 15:52:47",January Fresh Start Challenge,false
"28.12.2022, 15:52:48",January 5K,true
"28.12.2022, 15:52:49",January 10k,true
"29.12.2022, 22:02:10",January Running Distance Challenge,false
"29.12.2022, 22:04:30",January Cycling Challenge,false
"29.12.2022, 22:04:31",January Cycling Consistency Challenge,false
"31.12.2022, 20:47:45",January Walking Distance Challenge,false
"31.12.2022, 20:47:51",January Cycling Distance Challenge,false
"02.01.2023, 09:58:47","waterdrop ""Make It Count"" Challenge",true
"13.01.2023, 09:23:32",New Balance Runlock Challenge,true
"22.01.2023, 19:04:12",Welcome to 2023 with Kinomap,true
"22.01.2023, 19:04:14",Keep on moving with ROUVY Club,true
"22.01.2023, 19:04:16",Mastercard Streif Everywhere Challenge,false
"29.01.2023, 12:16:37",February Snow Sport Challenge,false
"31.01.2023, 18:00:19",February 10k,true
"31.01.2023, 18:00:20",February Running Challenge,false
"31.01.2023, 18:00:23",February Run Climbing Challenge,false
"31.01.2023, 18:00:24",January Running Challenge,true
"31.01.2023, 18:00:25",February 5k,true
"31.01.2023, 20:10:53",Red Bull Raufgänger,false
"06.02.2023, 14:49:53",February Walking Distance Challenge,false
"07.02.2023, 14:53:11",February Half Marathon,true
"20.02.2023, 15:30:29",February Cycling Consistency Challenge,false
"20.02.2023, 15:30:30",February Gran Fondo,false
"20.02.2023, 15:30:32",February Cycling Climbing Challenge,false
"21.02.2023, 16:24:37",Earthquake Relief Challenge,true
"02.03.2023, 20:19:21",Le Col Shape Up Challenge,true
"02.03.2023, 20:19:29",Desafio Tour do Rio 2023 - Mesa do Imperador,false
"02.03.2023, 21:49:50",CamelBak® All-Terrain Running Challenge,true
"02.03.2023, 21:49:51",March Indoor Workout Challenge,false
"06.03.2023, 21:08:30",March 10k,true
"11.03.2023, 15:29:04",March Half Marathon,false
"11.03.2023, 15:29:05",March Running Distance Challenge,false
"11.03.2023, 15:29:07",March Running Challenge,true
"11.03.2023, 16:23:02",HOKA Rocket X 2 Speed Challenge,true
"12.03.2023, 20:46:04",HOKA Hackney Sprint Challenge,false
"12.03.2023, 20:46:06",Science in Sport Classic 100 Challenge,false
"16.03.2023, 23:24:05",March Walking Distance Challenge,false
"26.03.2023, 20:42:30",ASSOS Speed Club 80km Challenge,false
"26.03.2023, 20:42:31",Virtual Spring Classic with ROUVY,false
"26.03.2023, 20:42:38",COMPRESSPORT® Wherever You Run,true
"26.03.2023, 20:42:39",Make Waves With On,false
"26.03.2023, 20:42:41",Wings for Life World Run Training Challenge 2023,false
"10.04.2023, 19:43:02",Le Col Classics Challenge,true
"10.04.2023, 19:43:41",Oakley Dallas Challenge,false
"30.04.2023, 13:48:25",May Gran Fondo,false
"30.04.2023, 13:48:27",May Cycling Distance Challenge,false
"30.04.2023, 13:48:34",May Cycling Consistency Challenge,false
"30.04.2023, 13:48:35",May Cycling Climbing Challenge,false
"30.04.2023, 13:48:37",May Running Endurance Challenge,false
"30.04.2023, 13:48:40",May Walking Distance Challenge,false
"30.04.2023, 13:48:42",May Half Marathon,true
"30.04.2023, 13:48:44",May 10k,true
"30.04.2023, 13:48:47",May Running Distance Challenge,false
"30.04.2023, 13:48:48",May Running Challenge,true
"30.04.2023, 13:48:51",May Run Climbing Challenge,false
"30.04.2023, 13:48:52",May 5k,true
"30.04.2023, 13:48:55",May Indoor Workout Challenge,false
"11.05.2023, 12:54:46",The Tissot Challenge,false
"01.06.2023, 16:17:52",GOREWEAR 150 Million,false
"08.06.2023, 06:44:19",June 10k,true
"08.06.2023, 06:44:20",June Running Distance Challenge,false
"08.06.2023, 06:44:21",June Running Challenge,true
"08.06.2023, 06:44:23",June 5K x Brooks,true
"08.06.2023, 06:44:25",SportScheck RUN & Raise,true
"08.06.2023, 06:44:26",woom Pedal Your Planet,false
"08.06.2023, 08:34:14",Pas Normal Studios Midsummer Challenge,false
"18.06.2023, 05:32:19",2023 WSER Crew - Foresthill Segment Challenge,false
"28.06.2023, 10:09:31",July Half Marathon,true
"28.06.2023, 10:09:34",July Running Distance Challenge,false
"28.06.2023, 10:09:35",July Running Endurance Challenge,false
"28.06.2023, 10:09:37",July Running Challenge,true
"28.06.2023, 10:09:41",July Run Climbing Challenge,false
"28.06.2023, 10:09:42",July 5K x Brooks,true
"28.06.2023, 10:09:45",July 10k,true
"28.06.2023, 10:09:49",July Cycling Challenge,true
"25.07.2023, 15:52:46",August Half Marathon,false
"25.07.2023, 15:52:48",August Walking Distance Challenge,false
"25.07.2023, 15:52:54",August Running Challenge,false
"25.07.2023, 15:52:56",August 5K x Brooks,true
"25.07.2023, 15:52:58",August 10k,true
"25.07.2023, 15:53:07",August Running Endurance Challenge,false
"25.07.2023, 15:53:09",August Run Climbing Challenge,false
"25.07.2023, 15:53:11",August Cycling Consistency Challenge,false
"25.07.2023, 15:53:12",August Cycling Climbing Challenge,false
"25.07.2023, 15:53:14",August Cycling Challenge,false
"25.07.2023, 15:53:15",August Running Distance Challenge,false
"25.07.2023, 15:53:18",August Cycling Distance Challenge,false
"25.07.2023, 15:53:22",August Gran Fondo,false
"25.08.2023, 19:14:08",September Running Endurance Challenge,false
"25.08.2023, 19:14:10",September Cycling Climbing Challenge,false
"25.08.2023, 19:14:11",September Gran Fondo,false
"25.08.2023, 19:14:13",September Cycling Distance Challenge,false
"25.08.2023, 19:14:14",September Cycling Consistency Challenge,false
"25.08.2023, 19:14:15",September Swim Challenge,false
"25.08.2023, 19:14:19",September Walking Distance Challenge,false
"25.08.2023, 19:14:21",September Running Challenge,false
"25.08.2023, 19:14:23",September 5K x Brooks,true
"25.08.2023, 19:14:24",September Running Distance Challenge,false
"25.08.2023, 19:14:26",September Run Climbing Challenge,false
"25.08.2023, 19:14:27",September Half Marathon,false
"25.08.2023, 19:14:29",September 10K,false
"25.08.2023, 19:14:57",September Cycling Challenge,true
"25.08.2023, 19:14:58",September Workout Challenge,false
"13.10.2023, 08:26:32",October 10K,false
"13.10.2023, 19:28:19",October 5K x Brooks,true
"13.10.2023, 19:28:24",October Cycling Challenge x Le Col,false
"13.10.2023, 19:28:25",Castelli Keep It Up,false
"13.10.2023, 19:28:33",FOCUS Ride Together,false
"13.10.2023, 19:28:34",October Half Marathon,false
"13.10.2023, 19:28:36",October Running Challenge,false
"13.10.2023, 19:28:37",October Run Climbing Challenge,false
"13.10.2023, 19:28:39",October Running Distance Challenge,false
"13.10.2023, 19:28:41",October Running Endurance Challenge,false
"13.10.2023, 19:28:42",October Gran Fondo,false
"13.10.2023, 19:28:43",October Swim Challenge,false
"13.10.2023, 19:28:45",October Cycling Climbing Challenge,false
"13.10.2023, 19:28:47",October Walking Distance Challenge,false
"13.10.2023, 19:28:48",October Cycling Distance Challenge,false
"13.10.2023, 19:28:49",October Cycling Consistency Challenge,false
"13.10.2023, 19:28:53",October Workout Challenge,false
"30.10.2023, 21:29:01",November 5K x Brooks,true
"30.10.2023, 21:29:03",BIKE24 No End of Season,false
"30.10.2023, 21:29:06",Giro d’Italia Virtual ITT by BKOOL,false
"30.10.2023, 21:29:12",Eight Sleep's 2023 Finale,true
"30.10.2023, 21:29:13",HOKA Fly Guide: Frankfurt Challenge,false
"30.10.2023, 21:29:15",November 10K,true
"30.10.2023, 21:29:16",November Half Marathon,false
"30.10.2023, 21:29:18",November Running Challenge,false
"30.10.2023, 21:29:19",November Run Climbing Challenge,false
"30.10.2023, 21:29:20",November Running Distance Challenge,false
"30.10.2023, 21:29:22",November Cycling Challenge,false
"30.10.2023, 21:29:23",November Gran Fondo,false
"30.10.2023, 21:29:25",November Running Endurance Challenge,false
"30.10.2023, 21:29:26",November Swim Challenge,false
"30.10.2023, 21:29:28",Go the Extra Miles,true
"30.10.2023, 21:29:29",November Cycling Climbing Challenge,false
"30.10.2023, 21:29:31",November Walking Distance Challenge,false
"30.10.2023, 21:29:32",November Cycling Distance Challenge,false
"30.10.2023, 21:29:33",November Cycling Consistency Challenge,false
"30.10.2023, 21:29:35",November Workout Challenge,false
"11.12.2023, 21:49:33",December Workout Challenge,true
"22.12.2023, 21:30:31",The North Face Forget The Forecast,false
"20.01.2024, 17:52:10",January Streak Challenge,false
"20.01.2024, 17:53:25",January Fresh Start Challenge,false
"31.03.2024, 10:28:57",April 400-Minute Challenge,true
"03.04.2024, 17:19:26",April 10K Challenge,true
"04.04.2024, 19:01:08",April Streak Challenge,false
"04.04.2024, 19:01:42",April Ten Days Active Challenge,true
"07.04.2024, 14:46:09",April Half Marathon Challenge,true
"08.04.2024, 15:26:32",April Ride 200K Challenge,false
"01.05.2024, 06:37:59",May 5K x Brooks Challenge,true
"01.05.2024, 06:38:00",Le Col Classics Challenge,true
"01.07.2024, 16:20:34",July 5K x Brooks Challenge,true
"01.07.2024, 16:20:37",The Le Col Tour Challenge,true
"01.07.2024, 16:20:39",HOKA We Are All Born To Fly Challenge,false
"01.07.2024, 16:20:41",Bulldog Skincare’s Get Active Challenge,true
"01.07.2024, 16:20:44",BIKE24 Ride Like a Pro Challenge,true
"01.07.2024, 16:20:46",Maurten — Get Used To It Challenge,false
"01.07.2024, 16:20:48",Defy the Distance: Nike Running Challenge,false
"01.07.2024, 16:20:49",SunGod Golden Hour Challenge,false
"01.07.2024, 16:20:56",July 10K Challenge,false
"01.07.2024, 16:20:58",July Run 100K Challenge,false
"01.07.2024, 16:21:00",July Half Marathon Challenge,false
"01.07.2024, 16:21:01",July Running Elevation Challenge,false
"01.07.2024, 16:21:02",July Ten Days Active Challenge,true
"01.07.2024, 16:21:04",July Commute Challenge,false
"01.07.2024, 16:21:05",July Walk 30K Challenge,false
"01.07.2024, 16:21:07",July Swim 5K Challenge,false
"01.07.2024, 16:21:08",July 400-Minute Challenge,true
"01.07.2024, 16:21:10",July Ride 200K Challenge,false
"01.07.2024, 16:21:11",July Streak Challenge,false
"01.07.2024, 16:21:13",July Gran Fondo Challenge,false
"01.07.2024, 16:21:14",July Ride 600K Challenge,false
"03.07.2024, 20:10:58",Zalando 42.2 Challenge by Berlin Braves,false
"28.07.2024, 15:48:48",August 5K x Brooks Challenge,true
"28.07.2024, 15:50:31",August Streak Challenge,true
"28.07.2024, 15:50:37",August 400-Minute Challenge,true
"28.07.2024, 15:50:42",August Ten Days Active Challenge,true
"05.08.2024, 14:57:11",August Ride 200K Challenge,false
"25.10.2024, 13:23:42",October 5K x Brooks Challenge,true
"01.11.2024, 11:53:42",November 10K Challenge,true
"07.11.2024, 19:52:15",November Streak Challenge,false
"07.11.2024, 19:52:24",November 5K x Brooks Challenge,true
"07.11.2024, 19:52:27",Le Col Next Phase Challenge,false
"24.12.2024, 07:59:52",December Walk 30K Challenge,false
"24.12.2024, 07:59:52",December Ride 200K Challenge,false
"24.12.2024, 07:59:53",December 10K Challenge,true
"24.12.2024, 07:59:56",December 5K x Brooks Challenge,true
"24.12.2024, 07:59:59",December Streak Challenge,false
"03.01.2025, 08:58:09",January 10K Challenge,false
"03.01.2025, 13:03:57",January Cycling Elevation Challenge,false
"03.01.2025, 13:04:04",January 400-Minute Challenge,false
"12.01.2025, 19:00:05",January Ride 800K Challenge,false
"12.02.2025, 22:25:55",February Ride 200K Challenge,false
"02.03.2025, 16:06:20",March 5K x Brooks Challenge,true
"02.03.2025, 16:06:23",You Got This: 100 Days powered by adidas,false
"02.03.2025, 16:06:24",Le Col Classics Challenge,true
"02.03.2025, 16:06:26",1 Million Vertical Meters with Suunto & POW,false
"02.03.2025, 16:06:31",Sportful x Strade Bianche | Ride Into The Legend,false
"02.03.2025, 16:06:35",HOKA Bondi 9-Week Challenge,false
"02.03.2025, 16:06:36",Unleash your Best Effort with Brooks,false
"02.03.2025, 16:06:41",PEdALED Bloom Challenge,false
"02.03.2025, 16:06:41",March 10K Challenge,true
"02.03.2025, 16:06:43",March Half Marathon Challenge,false
"02.03.2025, 16:06:45",March Run 100K Challenge,false
"02.03.2025, 16:06:47",March Elevation Challenge,false
"02.03.2025, 16:06:48",March Ride 200K Challenge,false
"02.03.2025, 16:06:50",March Ten Days Active Challenge,false
"02.03.2025, 16:06:52",March Gran Fondo Challenge,false
"02.03.2025, 16:06:54",March Run 300K Challenge,false
"02.03.2025, 16:06:55",March 400-Minute Challenge,true
"02.03.2025, 16:06:57",March Walk 50K Challenge,false
"02.03.2025, 16:06:58",March Cycling Elevation Challenge,false
"02.03.2025, 16:06:59",March Ride 800K Challenge,false
"27.03.2025, 17:35:05",April 5K x Brooks Challenge,true
"13.04.2025, 09:53:02",Arc’teryx Run Steady Challenge,true
"28.05.2025, 06:08:04",June 10K Challenge,true
"20.06.2025, 16:16:24",June 5K x Brooks Challenge,true
"22.06.2025, 21:04:53",June Elevation Challenge,false
"29.06.2025, 09:54:16",July 10K x Runna Challenge,false
"29.06.2025, 09:54:18",July 5K x Brooks Challenge,true
"29.06.2025, 09:54:19",Le Col Level Up Challenge,false
"29.06.2025, 09:54:21",pliability Run to Hawaii Challenge,false
"29.06.2025, 09:54:22",Do the Work with BetterHelp,true
"29.06.2025, 09:54:23",Chase Summer by GOREWEAR,false
"29.06.2025, 09:54:25",On the Trail of the Tour by Decathlon,false
"29.06.2025, 09:54:33",June Half Marathon Challenge,false
"29.06.2025, 09:54:34",July Half Marathon Challenge,false
"29.06.2025, 09:54:35",June Run 100K Challenge,false
"29.06.2025, 09:54:37",July Run 100K Challenge,false
